"Biodiesel and Feedstocks: A Global Market Outlook","Biotechnology","Global",4350,"This report was published in May 2010."
"Stem Cells Market And Applications. 2009-2015","Healthcare","Global",4773,"This report was published in July 2010."
"Stem Cells Market And Technologies, 2009-2015","Healthcare","Global",4350,"This report was published in July 2010."
"Stem Cells Market And Drug Discovery Applications, 2009-2015","Healthcare","Global",3783,"This report was published in July 2010."
"Baby Food and Organic Products: A Comprehensive Market Analysis, 2009-2015","Food & Beverage","Global",4224,"This report was published in September 2010."
"Global Bottled Baby Drinks, 2009-2015","Food & Beverage","Global",2100,"This report was published in September 2010."
"Global Baby Cereals Market, 2009-2015","Food & Beverage","Global",2100,"This report was published in September 2010."
"Global Baby Snacks Market, 2009-2015","Food & Beverage","Global",2100,"This report was published in September 2010."
"Global Baby Soups Market, 2009-2015","Food & Beverage","Global",2100,"This report was published in September 2010."
"Baby Food Market and Organic Products Growth Analysis: The Americas, 2009-2015","Food & Beverage","Americas",2550,"This report was published in September 2010."
"Baby Food Market and Organic Products Growth Analysis:  The European Union, 2009-2015","Food & Beverage","European Union",2550,"This report was published in September 2010."
"Baby Food Market and Organic Products Growth Analysis: Asia Pacific, 2009-2015","Food & Beverage","Asia Pacific",2550,"This report was published in September 2010."
"POLYMERASE CHAIN REACTION - AN ANALYTICAL REPORT, 2009-2015","Biotechnology","Global",5790,"This report was published in January 2011."
"BIOCHIPS - PRODUCTS, APPLICATIONS, TECHNOLOGIES AND END-USE MARKETS GROWTH ANALYSIS, 2009-2015","Biotechnology","Global",6510,"This report was published in February 2011."
"Global Cardiac Medical Devices - An Analytical Report, 2009-2015","Healthcare","Global",7860,"This report was published in February 2011."
"Global Cardiac Rhythm Management (CRM) Devices - Market Growth Analysis, 2009-2015","Healthcare","Global",4260,"This report was published in February 2011."
"Global Interventional Cardiology Devices - Market Growth Analysis, 2009-2015","Healthcare","Global",3882,"This report was published in February 2011."
"Global Cardiac Monitoring And Diagnostic Devices - Market Growth Analysis, 2009-2015","Healthcare","Global",3730,"This report was published in February 2011."
"Global Peripheral Vascular Devices - Market Growth Analysis, 2009-2015","Healthcare","Global",3918,"This report was published in February 2011."
"Global Electrophysiology (EP) Devices- Market Growth Analysis, 2009-2015","Healthcare","Global",4590,"This report was published in February 2011."
"Global Cardiac Prosthetic Devices - Market Growth Analysis, 2009-2015","Healthcare","Global",3270,"This report was published in February 2011."
"Cardiac Medical Devices - Emerging Markets (Brazil, Russia, India, China, South Africa And South Korea), 2009-2015","Healthcare","Emerging Markets",3630,"This report was published in February 2011."
"Cardiac Rhythm Management (CRM) Devices - Emerging Markets (Brazil, Russia, India, China, South Africa And South Korea), 2009-2015","Healthcare","Emerging Markets",2550,"This report was published in February 2011."
"Interventional Cardiology Devices - Emerging Markets (Brazil, Russia, India, China, South Africa And South Korea), 2009-2015","Healthcare","Emerging Markets",2640,"This report was published in February 2011."
"Cardiac Monitoring And Diagnostic Devices - Emerging Markets (Brazil, Russia, India, China, South Africa And South Korea), 2009-2015","Healthcare","Emerging Markets",2460,"This report was published in February 2011."
"Peripheral Vascular Devices - Emerging Markets (Brazil, Russia, India, China, South Africa And South Korea), 2009-2015","Healthcare","Emerging Markets",2370,"This report was published in February 2011."
"Electrophysiology (EP) Devices - Emerging Markets (Brazil, Russia, India, China, South Africa And South Korea), 2009-2015","Healthcare","Emerging Markets",2595,"This report was published in February 2011."
"Cardiac Prosthetic Devices - Emerging Markets (Brazil, Russia, India, China, South Africa And South Korea), 2009-2015","Healthcare","Emerging Markets",1920,"This report was published in February 2011."
"Global Cardiac Defibrillators - Market Growth Analysis, 2009-2015","Healthcare","Global",3936,"This report was published in February 2011."
"Global Cardiac Pacemakers - Market Growth Analysis, 2009-2015","Healthcare","Global",3234,"This report was published in February 2011."
"Global Cardiac Resynchronization Therapy (CRT) Devices - Market Growth Analysis, 2009-2015","Healthcare","Global",4170,"This report was published in February 2011."
"Global Coronary Stents - Market Growth Analysis, 2009-2015","Healthcare","Global",4260,"This report was published in February 2011."
"Global Cardiac Catheters - Market Growth Analysis, 2009-2015","Healthcare","Global",3270,"This report was published in February 2011."
"Global Electrocardiography Devices (ECG) - Market Growth Analysis, 2009-2015","Healthcare","Global",3000,"This report was published in February 2011."
"Global Inferior Vena Cava (IVC) Filters - Market Growth Analysis, 2009-2015","Healthcare","Global",2910,"This report was published in February 2011."
"Global Embolic Protection Devices (EPD) - Market Growth Analysis, 2009-2015","Healthcare","Global",4620,"This report was published in February 2011."
"Global Diagnostic Electrophysiology (EP) Catheters - Market Growth Analysis, 2009-2015","Healthcare","Global",2820,"This report was published in February 2011."
"Global Electrophysiology (EP) Laboratory Devices - Market Growth Analysis, 2009-2015","Healthcare","Global",3180,"This report was published in February 2011."
"Global Electrophysiology (EP) Ablation Catheters - Market Growth Analysis, 2009-2015","Healthcare","Global",3000,"This report was published in February 2011."
"Cardiac Defibrillators - Emerging Markets (Brazil, Russia, India, China, South Africa And South Korea), 2009-2015","Healthcare","Emerging Markets",2100,"This report was published in February 2011."
"Cardiac Pacemakers - Emerging Markets (Brazil, Russia, India, China, South Africa And South Korea), 2009-2015","Healthcare","Emerging Markets",1830,"This report was published in February 2011."
"Cardiac Resynchronization Therapy (CRT) Devices - Emerging Markets (Brazil, Russia, India, China, South Africa And South Korea), 2009-2015","Healthcare","Emerging Markets",2370,"This report was published in February 2011."
"Coronary Stents - Emerging Markets (Brazil, Russia, India, China, South Africa And South Korea), 2009-2015","Healthcare","Emerging Markets",2280,"This report was published in February 2011."
"Cardiac Catheters - Emerging Markets (Brazil, Russia, India, China, South Africa And South Korea), 2009-2015","Healthcare","Emerging Markets",1920,"This report was published in February 2011."
"Electrocardiography (ECG) Devices - Emerging Markets (Brazil, Russia, India, China, South Africa And South Korea), 2009-2015","Healthcare","Emerging Markets",2100,"This report was published in February 2011."
"Inferior Vena Cava (IVC) Filters - Emerging Markets (Brazil, Russia, India, China, South Africa And South Korea), 2009-2015","Healthcare","Emerging Markets",1830,"This report was published in February 2011."
"Embolic Protection Devices (EPD) - Emerging Markets (Brazil, Russia, India, China, South Africa And South Korea), 2009-2015","Healthcare","Emerging Markets",2100,"This report was published in February 2011."
"Diagnostic Electrophysiology Catheters - Emerging Markets (Brazil, Russia, India, China, South Africa And South Korea), 2009-2015","Healthcare","Emerging Markets",1740,"This report was published in February 2011."
"Electrophysiology (EP) Laboratory Devices - Emerging Markets (Brazil, Russia, India, China, South Africa And South Korea), 2009-2015","Healthcare","Emerging Markets",2010,"This report was published in February 2011."
"Electrophysiology (EP) Ablation Catheters - Emerging Markets (Brazil, Russia, India, China, South Africa And South Korea), 2009-2015","Healthcare","Emerging Markets",2100,"This report was published in February 2011."
"Cord Blood, Embryonic and Adult Stem Cells Applications & Technologies - A Global Market Watch, 2009-2015","Healthcare","Global",4710,"This report was published in May 2011."
"Cryopreservation Equipments in Stem Cells - A Global Market Watch, 2009-2015","Healthcare","Global",3540,"This report was published in May 2011."
